<?xml version="1.0" encoding="utf-8"?>
<!-- Created by Infixo @ Dec 26, 2017 -->
<GameData>

	<Language_en_US>
		<Row Tag="TXT_KEY_TROE_COL_RANGE">
			<Text>[ICON_RANGE_STRENGTH]</Text>
		</Row>
		<Row Tag="TXT_KEY_TROE_COL_RANGE_TT">
			<Text>Click to sort by the maximum Range of trade routes originating from this city.</Text>
		</Row>
		<Row Tag="TXT_KEY_TROE_COL_LENGTH">
			<Text>[ICON_WTF2]</Text>
		</Row>
		<Row Tag="TXT_KEY_TROE_COL_LENGTH_TT">
			<Text>Click to sort by the Length of this trade route.</Text>
		</Row>
	</Language_en_US>
	
</GameData>


