<?xml version="1.0" encoding="utf-8"?>
<!-- Created by Infixo @ Dec 26, 2017 -->
<GameData>

	<Language_en_US>
		<Row Tag="TXT_KEY_TROE_COL_RANGE">
			<Text>[ICON_RANGE_STRENGTH]</Text>
		</Row>
		<Row Tag="TXT_KEY_TROE_COL_RANGE_TT">
			<Text>Click to sort by the maximum [COLOR_POSITIVE_TEXT]Range[ENDCOLOR] of trade routes originating from this city.</Text>
		</Row>
		<Row Tag="TXT_KEY_TROE_COL_LENGTH">
			<Text>[ICON_WTF2]</Text>
		</Row>
		<Row Tag="TXT_KEY_TROE_COL_LENGTH_TT">
			<Text>Click to sort by the normalized [COLOR_POSITIVE_TEXT]Length[ENDCOLOR] of this trade route.</Text>
		</Row>
		<Row Tag="TXT_KEY_TROE_COL_TURNS">
			<Text>[ICON_SWAP]</Text>
		</Row>
		<Row Tag="TXT_KEY_TROE_COL_TURNS_TT">
			<Text>Click to sort by the [COLOR_POSITIVE_TEXT]Turns[ENDCOLOR] to complete this trade route.</Text>
		</Row>
	</Language_en_US>
	
</GameData>


