<?xml version="1.0" encoding="utf-8"?>
<!-- Created by Pouakai-->
<GameData>
	<BuildingClasses>
		<Row>
			<Type>BUILDINGCLASS_GRIPSHOLM</Type>
			<DefaultBuilding>BUILDING_GRIPSHOLM</DefaultBuilding>
			<Description>TXT_KEY_BUILDING_GRIPSHOLM</Description>
			<MaxGlobalInstances>1</MaxGlobalInstances>
		</Row>
	</BuildingClasses>
	<Buildings>
		<Row>
			<Type>BUILDING_GRIPSHOLM</Type>
			<BuildingClass>BUILDINGCLASS_GRIPSHOLM</BuildingClass>
			<Description>TXT_KEY_BUILDING_GRIPSHOLM</Description>
			<Help>TXT_KEY_WONDER_GRIPSHOLM_HELP</Help>
			<Civilopedia>TXT_KEY_WONDER_GRIPSHOLM_PEDIA</Civilopedia>
			<Quote>TXT_KEY_WONDER_GRIPSHOLM_QUOTE</Quote>
			<Cost>400</Cost>
			<PrereqTech>TECH_ARCHITECTURE</PrereqTech>
			<MaxStartEra>ERA_INDUSTRIAL</MaxStartEra>
			<SpecialistType>SPECIALIST_ARTIST</SpecialistType>
			<GreatPeopleRateChange>1</GreatPeopleRateChange>
			<NukeImmune>true</NukeImmune>
			<HurryCostModifier>-1</HurryCostModifier>
			<MinAreaSize>-1</MinAreaSize>
			<ConquestProb>100</ConquestProb>
			<GlobalPopulationChange>1</GlobalPopulationChange>
			<FreshWater>true</FreshWater>
			<IconAtlas>BW_ATLAS_GRIPSHOLM</IconAtlas>
			<PortraitIndex>0</PortraitIndex>
			<WonderSplashImage>GRIPSHOLM_splash.dds</WonderSplashImage>
			<WonderSplashAnchor>R,B</WonderSplashAnchor>
		</Row>
	</Buildings>
	<Building_YieldChanges>
		<Row>
			<BuildingType>BUILDING_GRIPSHOLM</BuildingType>
			<YieldType>YIELD_CULTURE</YieldType>
			<Yield>1</Yield>
		</Row>
	</Building_YieldChanges>
	<Building_Flavors>
		<Row>
			<BuildingType>BUILDING_GRIPSHOLM</BuildingType>
			<FlavorType>FLAVOR_GROWTH</FlavorType>
			<Flavor>25</Flavor>
		</Row>
		<Row>
			<BuildingType>BUILDING_GRIPSHOLM</BuildingType>
			<FlavorType>FLAVOR_WONDER</FlavorType>
			<Flavor>25</Flavor>
		</Row>
		<Row>
			<BuildingType>BUILDING_GRIPSHOLM</BuildingType>
			<FlavorType>FLAVOR_DEFENSE</FlavorType>
			<Flavor>15</Flavor>
		</Row>
	</Building_Flavors>
	<Building_LakePlotYieldChanges>
		<Row>
			<BuildingType>BUILDING_GRIPSHOLM</BuildingType>
			<YieldType>YIELD_FOOD</YieldType>
			<Yield>2</Yield>
		</Row>
	</Building_LakePlotYieldChanges>
	<Civilization_BuildingClassOverrides>
		<Row>
			<CivilizationType>CIVILIZATION_BARBARIAN</CivilizationType>
			<BuildingClassType>BUILDINGCLASS_GRIPSHOLM</BuildingClassType>
			<BuildingType/>
		</Row>
		<Row>
			<CivilizationType>CIVILIZATION_MINOR</CivilizationType>
			<BuildingClassType>BUILDINGCLASS_GRIPSHOLM</BuildingClassType>
			<BuildingType/>
		</Row>
	</Civilization_BuildingClassOverrides>
	<Units>
		<Row>
			<Class>UNITCLASS_2HANDER</Class>
			<Type>UNIT_2HANDER</Type>
			<PrereqTech>TECH_CHEMISTRY</PrereqTech>
			<Combat>26</Combat>
			<Cost>260</Cost>
			<FaithCost>280</FaithCost>
			<RequiresFaithPurchaseEnabled>true</RequiresFaithPurchaseEnabled>
			<Moves>2</Moves>
			<CombatClass>UNITCOMBAT_MELEE</CombatClass>
			<Domain>DOMAIN_LAND</Domain>
			<DefaultUnitAI>UNITAI_ATTACK</DefaultUnitAI>
			<Description>TXT_KEY_UNIT_2HANDER</Description>
			<Civilopedia>TXT_KEY_CIV5_2HANDER_TEXT</Civilopedia>
			<Strategy>TXT_KEY_UNIT_2HANDER_STRATEGY</Strategy>
			<Help>TXT_KEY_UNIT_HELP_2HANDER</Help>
			<MilitarySupport>true</MilitarySupport>
			<MilitaryProduction>true</MilitaryProduction>
			<Pillage>true</Pillage>
			<ObsoleteTech>TECH_EE_FLINTLOCK</ObsoleteTech>
			<GoodyHutUpgradeUnitClass>UNITCLASS_EE_LINE_INFANTRY</GoodyHutUpgradeUnitClass>
			<AdvancedStartCost>25</AdvancedStartCost>
			<XPValueAttack>3</XPValueAttack>
			<XPValueDefense>3</XPValueDefense>
			<Conscription>3</Conscription>
			<UnitArtInfo>ART_DEF_UNIT_2HANDER</UnitArtInfo>
			<UnitFlagIconOffset>33</UnitFlagIconOffset>
			<IconAtlas>RER_UNITS_ATLAS</IconAtlas>
			<PortraitIndex>0</PortraitIndex>
		</Row>
	</Units>
	<Unit_AITypes>
		<Row>
			<UnitType>UNIT_2HANDER</UnitType>
			<UnitAIType>UNITAI_ATTACK</UnitAIType>
		</Row>
		<Row>
			<UnitType>UNIT_2HANDER</UnitType>
			<UnitAIType>UNITAI_DEFENSE</UnitAIType>
		</Row>
	</Unit_AITypes>
	<Unit_ClassUpgrades>
		<Row>
			<UnitType>UNIT_2HANDER</UnitType>
			<UnitClassType>UNITCLASS_EE_LINE_INFANTRY</UnitClassType>
		</Row>
	</Unit_ClassUpgrades>
	<Unit_Flavors>
		<Row>
			<UnitType>UNIT_2HANDER</UnitType>
			<FlavorType>FLAVOR_OFFENSE</FlavorType>
			<Flavor>7</Flavor>
		</Row>
		<Row>
			<UnitType>UNIT_2HANDER</UnitType>
			<FlavorType>FLAVOR_DEFENSE</FlavorType>
			<Flavor>6</Flavor>
		</Row>
	</Unit_Flavors>
	<Unit_FreePromotions>
		<Row>
			<UnitType>UNIT_2HANDER</UnitType>
			<PromotionType>PROMOTION_2HANDER</PromotionType>
		</Row>
	</Unit_FreePromotions>
	<Unit_ResourceQuantityRequirements>
		<Row>
			<UnitType>UNIT_2HANDER</UnitType>
			<ResourceType>RESOURCE_IRON</ResourceType>
		</Row>
	</Unit_ResourceQuantityRequirements>
	<IconTextureAtlases>
		<Row>
			<Atlas>BW_ATLAS_GRIPSHOLM</Atlas>
			<IconSize>256</IconSize>
			<Filename>GRIPSHOLM_icon256.dds</Filename>
			<IconsPerRow>1</IconsPerRow>
			<IconsPerColumn>1</IconsPerColumn>
		</Row>
		<Row>
			<Atlas>BW_ATLAS_GRIPSHOLM</Atlas>
			<IconSize>128</IconSize>
			<Filename>GRIPSHOLM_icon128.dds</Filename>
			<IconsPerRow>1</IconsPerRow>
			<IconsPerColumn>1</IconsPerColumn>
		</Row>
		<Row>
			<Atlas>BW_ATLAS_GRIPSHOLM</Atlas>
			<IconSize>64</IconSize>
			<Filename>GRIPSHOLM_icon64.dds</Filename>
			<IconsPerRow>1</IconsPerRow>
			<IconsPerColumn>1</IconsPerColumn>
		</Row>
		<Row>
			<Atlas>BW_ATLAS_GRIPSHOLM</Atlas>
			<IconSize>80</IconSize>
			<Filename>GRIPSHOLM_icon80.dds</Filename>
			<IconsPerRow>1</IconsPerRow>
			<IconsPerColumn>1</IconsPerColumn>
		</Row>
		<Row>
			<Atlas>BW_ATLAS_GRIPSHOLM</Atlas>
			<IconSize>45</IconSize>
			<Filename>GRIPSHOLM_icon45.dds</Filename>
			<IconsPerRow>1</IconsPerRow>
			<IconsPerColumn>1</IconsPerColumn>
		</Row>
	</IconTextureAtlases>
	<Language_en_US>
		<Row Tag="TXT_KEY_UNIT_2HANDER">
			<Text>Two-Handed Swordsman</Text>
		</Row>
		<Row Tag="TXT_KEY_CIV5_2HANDER_TEXT">
			<Text>Renaissance two-handed swords are monstrous weapons, longer and larger than even the medieval great swords, with a hilt of over a foot and a blade that measures nearly five feet in length, taller than some people. They are primarily in use during the early decades of the 16th century. These swords represent the final stage in the trend of increasing size that started in the 14th century. They can be used to fight against pike formations and cut off pike heads.</Text>
		</Row>
		<Row Tag="TXT_KEY_UNIT_2HANDER_STRATEGY">
			<Text>Two-Handed Swordsman is much stronger than the Longswordsman, and gains a devastating combat bonus against Spearmen, Pikemen, Tercio and Landsknecht.</Text>
		</Row>
		<Row Tag="TXT_KEY_UNIT_HELP_2HANDER">
			<Text>Early Renaissance Era melee unit. Additional +33% [ICON_WAR] Attack against Spearmen, Pikemen, Tercio and Landsknecht.</Text>
		</Row>
		<Row Tag="TXT_KEY_PROMOTION_2HANDER">
			<Text>Two Hander</Text>
		</Row>
		<Row Tag="TXT_KEY_PROMOTION_2HANDER_HELP">
			<Text>+33% [ICON_WAR] Attack vs Spearmen, Pikemen, Tercio and Landsknecht.</Text>
		</Row>
		<!-- Description tags -->
		<Row Tag="TXT_KEY_BUILDING_GRIPSHOLM">
			<Text>Gripsholm Castle</Text>
		</Row>
		<!-- Help tags -->
		<Row Tag="TXT_KEY_WONDER_GRIPSHOLM_HELP">
			<Text>+1 [ICON_CITIZEN] Population in each city[NEWLINE]+2 [ICON_FOOD] Food for every lake tile worked by the city[NEWLINE]City must be built near a source of fresh water.</Text>
		</Row>
		<!-- Quote tags -->
		<Row Tag="TXT_KEY_WONDER_GRIPSHOLM_QUOTE">
			<Text>
				[NEWLINE]"A man who dares to waste one hour of time has not discovered the value of life."[NEWLINE] - Charles Darwin[NEWLINE]</Text>
		</Row>
		<!-- Pedia tags -->
		<Row Tag="TXT_KEY_WONDER_GRIPSHOLM_PEDIA">
			<Text>Gripsholm Castle is a Renaissance fortress located on the shore of Lake Mälaren, approximately 60 kilometres west of Sweden's capital, Stockholm. The site had been used as the location for a fortress since the mid 14th century. This fortress was siezed by King Gustav I in 1526, who subsequently tore the old fortress down and rebuilt it in the form of Gripsholm Castle. [NEWLINE][NEWLINE] Over the years, subsequent owners, like many of history's marvels, have added their own touch. King Gustav III added his own theater to the Castle in the years following its decomission as a prison, and in the late 19th century a mass refurbishment was undertaken under the guidance of architect Fredrik Lilljekvist, which involved adding a third floor. </Text>
		</Row>
	</Language_en_US>
</GameData>