<?xml version="1.0" encoding="utf-8"?>
<GameData>
		<IconTextureAtlases>
			<Row>
				<Atlas>EECBO_ICON_ATLAS</Atlas>
				<IconSize>256</IconSize>
				<Filename>Mausoleum256.dds</Filename>
				<IconsPerRow>1</IconsPerRow>
				<IconsPerColumn>1</IconsPerColumn>
			</Row>
			<Row>
				<Atlas>EECBO_ICON_ATLAS</Atlas>
				<IconSize>128</IconSize>
				<Filename>Mausoleum128.dds</Filename>
				<IconsPerRow>1</IconsPerRow>
				<IconsPerColumn>1</IconsPerColumn>
			</Row>
			<Row>
				<Atlas>EECBO_ICON_ATLAS</Atlas>
				<IconSize>64</IconSize>
				<Filename>Mausoleum64.dds</Filename>
				<IconsPerRow>1</IconsPerRow>
				<IconsPerColumn>1</IconsPerColumn>
			</Row>
			<Row>
				<Atlas>EECBO_ICON_ATLAS</Atlas>
				<IconSize>45</IconSize>
				<Filename>Mausoleum45.dds</Filename>
				<IconsPerRow>1</IconsPerRow>
				<IconsPerColumn>1</IconsPerColumn>
			</Row>
			<!--<Row>
				<Atlas>CIV_COLOR_ATLAS_RECETTE</Atlas>
				<IconSize>256</IconSize>
				<Filename>RecettearIconAtlas256.dds</Filename>
				<IconsPerRow>2</IconsPerRow>
				<IconsPerColumn>2</IconsPerColumn>
			</Row>
			<Row>
				<Atlas>CIV_COLOR_ATLAS_RECETTE</Atlas>
				<IconSize>128</IconSize>
				<Filename>RecettearIconAtlas128.dds</Filename>
				<IconsPerRow>2</IconsPerRow>
				<IconsPerColumn>2</IconsPerColumn>
			</Row>
			<Row>
				<Atlas>CIV_COLOR_ATLAS_RECETTE</Atlas>
				<IconSize>80</IconSize>
				<Filename>RecettearIconAtlas80.dds</Filename>
				<IconsPerRow>2</IconsPerRow>
				<IconsPerColumn>2</IconsPerColumn>
			</Row>
			<Row>
				<Atlas>CIV_COLOR_ATLAS_RECETTE</Atlas>
				<IconSize>64</IconSize>
				<Filename>RecettearIconAtlas64.dds</Filename>
				<IconsPerRow>2</IconsPerRow>
				<IconsPerColumn>2</IconsPerColumn>
			</Row>
			<Row>
				<Atlas>CIV_COLOR_ATLAS_RECETTE</Atlas>
				<IconSize>45</IconSize>
				<Filename>RecettearIconAtlas45.dds</Filename>
				<IconsPerRow>2</IconsPerRow>
				<IconsPerColumn>2</IconsPerColumn>
			</Row>
			<Row>
				<Atlas>CIV_COLOR_ATLAS_RECETTE</Atlas>
				<IconSize>32</IconSize>
				<Filename>RecettearIconAtlas32.dds</Filename>
				<IconsPerRow>2</IconsPerRow>
				<IconsPerColumn>2</IconsPerColumn>
			</Row>

			<Row>
				<Atlas>CIV_COLOR_ATLAS_RECETTE_ALPHA</Atlas>
				<IconSize>128</IconSize>
				<Filename>RecettearAlpha128.dds</Filename>
				<IconsPerRow>1</IconsPerRow>
				<IconsPerColumn>1</IconsPerColumn>
			</Row>
			<Row>
				<Atlas>CIV_COLOR_ATLAS_RECETTE_ALPHA</Atlas>
				<IconSize>64</IconSize>
				<Filename>RecettearAlpha64.dds</Filename>
				<IconsPerRow>1</IconsPerRow>
				<IconsPerColumn>1</IconsPerColumn>
			</Row>
			<Row>
				<Atlas>CIV_COLOR_ATLAS_RECETTE_ALPHA</Atlas>
				<IconSize>48</IconSize>
				<Filename>RecettearAlpha48.dds</Filename>
				<IconsPerRow>1</IconsPerRow>
				<IconsPerColumn>1</IconsPerColumn>
			</Row>
			<Row>
				<Atlas>CIV_COLOR_ATLAS_RECETTE_ALPHA</Atlas>
				<IconSize>32</IconSize>
				<Filename>RecettearAlpha32.dds</Filename>
				<IconsPerRow>1</IconsPerRow>
				<IconsPerColumn>1</IconsPerColumn>
			</Row>
			<Row>
				<Atlas>CIV_COLOR_ATLAS_RECETTE_ALPHA</Atlas>
				<IconSize>24</IconSize>
				<Filename>RecettearAlpha24.dds</Filename>
				<IconsPerRow>1</IconsPerRow>
				<IconsPerColumn>1</IconsPerColumn>
			</Row>
			<Row>
				<Atlas>CIV_COLOR_ATLAS_RECETTE_ALPHA</Atlas>
				<IconSize>16</IconSize>
				<Filename>RecettearAlpha16.dds</Filename>
				<IconsPerRow>1</IconsPerRow>
				<IconsPerColumn>1</IconsPerColumn>
			</Row>

			<Row>
				<Atlas>UNIT_RECETTE_ALPHA</Atlas>
				<IconSize>32</IconSize>
				<Filename>RecettearAdventurerAlpha32.dds</Filename>
				<IconsPerRow>1</IconsPerRow>
				<IconsPerColumn>1</IconsPerColumn>
			</Row>-->
		</IconTextureAtlases>
</GameData>